title,votes,link
"Recall ‚Äî Summarize Anything, Forget Nothing",4346,https://www.producthunt.com/products/recall-6
Kombai ‚Äî The AI Agent Built for Frontend Development,2957,https://www.producthunt.com/products/kombai
"Trickle ‚Äî Build stunning AI Apps, Websites, and Forms with ease.",2753,https://www.producthunt.com/products/trickle-3
Jupitrr AI ‚Äî ‚ú® AI video maker that generates B-rolls for creators' videos,2026,https://www.producthunt.com/products/jupitrr
Motiff ‚Äî Design Tool for AI Era,1639,https://www.producthunt.com/products/motiff
Feedspace ‚Äî Organic Growth Booster,1424,https://www.producthunt.com/products/feedspace
"Composer ‚Äî Build, backtest and execute trading algorithms with AI",1373,https://www.producthunt.com/products/composer-2
Magic Patterns ‚Äî Prototype your product ideas with AI.,1363,https://www.producthunt.com/products/magicpatterns
SpeedVitals ‚Äî Make your Website Lightning Fast ‚ö°Ô∏è,1061,https://www.producthunt.com/products/speedvitals
Migroot ‚Äî Turn immigration into an exciting game and move 2X fast,865,https://www.producthunt.com/products/migroot
"Elisi : AI-powered Goal Management App ‚Äî AI Planner That Builds Itself: One Line In, Full Plan Out.",677,https://www.producthunt.com/products/elisi-digital-bullet-journal-app
"700.tools ‚Äî Elevate Your Tools, Elevate Your Impact with 700.tools",664,https://www.producthunt.com/products/700
TimeAlign ‚Äî Align your time with your goals & optimize your life,655,https://www.producthunt.com/products/timealign
"Maxim AI ‚Äî Simulate, evaluate, and observe your AI agents",634,https://www.producthunt.com/products/maxim-ai
Tough Tongue AI ‚Äî The best AI roleplay engine for difficult conversation,583,https://www.producthunt.com/products/tough-tongue-ai-2
Watchman AI ‚Äî The #1 AI-Native B2B Demand Intelligence,581,https://www.producthunt.com/products/sharbo
Mantle ‚Äî Cap table management built for modern startups,551,https://www.producthunt.com/products/withmantle
lindo.ai ‚Äî Launch your own AI website builder under your brand,515,https://www.producthunt.com/products/lindo
landrific.online ‚Äî Landrific AI: Creative Powerhouse,502,https://www.producthunt.com/products/landrific-ai-unleash-creativity
Creator Second Brain by ContentBlocks. ‚Äî Finally‚ÄîAI that creates content like you,470,https://www.producthunt.com/products/contentblocks
VMEG ‚Äî Striving to be the best in video localization,462,https://www.producthunt.com/products/vmeg
Truely eSIMs ‚Äî eSIM Freedom: Connectivity Without Borders,444,https://www.producthunt.com/products/truely
CrowdCore. ‚Äî AI agent for influencer marketing workflow automation,431,https://www.producthunt.com/products/crowdcore
Documents by Readdle ‚Äî One app. Infinite capabilities.,407,https://www.producthunt.com/products/documents-by-readdle
Cxful ‚Äî Engagement-first UIUX suite and design system,406,https://www.producthunt.com/products/cxful
Creator Hub by Contentblocks ‚Äî The best way to build digital products that convert.,323,https://www.producthunt.com/products/the-founders-method-5-day-challenge
Shuttle ‚Äî Helping tech professionals invest in VC backed startups,306,https://www.producthunt.com/products/shuttle-club
THEO ‚Äî Simple way to optimize business context for AI in marketing,302,https://www.producthunt.com/products/theo-your-context-powered-ai
WalkSmart ‚Äî Free Walking Tour Generator,288,https://www.producthunt.com/products/walksmart
Tailo ‚Äî Voice AI agent for tailored product demos & onboarding calls,282,https://www.producthunt.com/products/tailo
Eztrackr ‚Äî Stay organized on your job hunt,282,https://www.producthunt.com/products/eztrackr-2
DreamCore ‚Äî AI game studio in your smartphone,272,https://www.producthunt.com/products/dreamcore
Brieflee ‚Äî See a video you love? Recreate it for your brand in seconds.,265,https://www.producthunt.com/products/brieflee
rtrvr.ai ‚Äî Universal Web Agent,258,https://www.producthunt.com/products/rtrvr-ai
Rejected Startups ‚Äî Where No is Just the Beginning!!,238,https://www.producthunt.com/products/rejected-startups
DiagnoSEO ‚Äî Free All-in-One SEO & Content Marketing Software,235,https://www.producthunt.com/products/diagnoseo
"VibeNecto ‚Äî AI Vibe Marketing: Visuals, Music, Voice & More",231,https://www.producthunt.com/products/vibenecto
"PawPic ‚Äî AI Pet Portraits, Like You‚Äôve Never Seen Before.",219,https://www.producthunt.com/products/pawpic
"AITHERNA - AI powered Fin 4.0, Web 4.0 ‚Äî AI Powerhouse - Wall Street and Mega Data at your fingertips",208,https://www.producthunt.com/products/aitherna
"Exocoding Code Generation As You Want It ‚Äî Skip repetitive code in DB, API & UI without vendor lock-in.",198,https://www.producthunt.com/products/exocoding
Sequence ‚Äî Effortlessly Create Professional Walkthrough Videos,186,https://www.producthunt.com/products/sequence-3
Multi ‚Äì Build Your Amazing Website! ‚Äî Gutenberg-First Website Builder and Theme for WordPress,178,https://www.producthunt.com/products/multi-theme-builder-for-wordpress
FlashApply ‚Äî The smartest job application copilot on the planet,176,https://www.producthunt.com/products/flashapply
Flipchat ‚Äî Learn any language by chatting with friends,161,https://www.producthunt.com/products/flipchat-2
"InterWiz AI ‚Äî AI powered Interviews - Reliable, Efficient and Trustworthy",156,https://www.producthunt.com/products/interwiz-ai
"Arkain ‚Äî Everything you need for development, even AI, all in Arkain!",154,https://www.producthunt.com/products/arkain
HuHu AI ‚Äî Your AI Creative Partner for eCommerce,151,https://www.producthunt.com/products/huhu-ai
"Artisk ‚Äî Smart Brand, Made Easy",150,https://www.producthunt.com/products/artisk
Webvizio ‚Äî Report and resolve bugs faster,142,https://www.producthunt.com/products/webvizio
PlusThat - Universal Comments ‚Äî Public comments and private chat on ANY web page,137,https://www.producthunt.com/products/plusthat
"Existence ‚Äî Craft AI avatars, build worlds with text‚Äîthrive in Existence",136,https://www.producthunt.com/products/existence-2
"Interactive Design ‚Äî for startups, by subscription. Reliable, Flexible, Seasoned!",132,https://www.producthunt.com/products/interactive-design
Onsen ‚Äî AI-powered journaling for mental wellness,129,https://www.producthunt.com/products/onsen
Sparkle ‚Äî Simplified cold email outreach,125,https://www.producthunt.com/products/sparkleio
"Clearful Journal ‚Äî Your journal. Your life, on purpose.",125,https://www.producthunt.com/products/clearful-journal
Nomadful ‚Äî Your mental well-being companion,122,https://www.producthunt.com/products/nomadful
Linkinize ‚Äî Bookmarks manager for Teams & Professionals,121,https://www.producthunt.com/products/linkinize
Revenue Atlas ‚Äî Real-time dashboard of your Stripe customers by country,119,https://www.producthunt.com/products/revenue-atlas
Sappa ‚Äî Hyper proximity social networking,118,https://www.producthunt.com/products/sappa
2Blooming - Personal Growth Tools ‚Äî Cultivate your personal growth with üß† focused tools.,114,https://www.producthunt.com/products/blooming-to-personal-growth-suite
"Deja Videos ‚Äî AI Video Creation Tool, Video-to-Video AI Generator.",107,https://www.producthunt.com/products/deja-videos
DSALTA ‚Äî SOC 2 Alternative with Free AI Auditing,105,https://www.producthunt.com/products/dsalta
BragAI ‚Äî Turn ideas into full-stack apps in minutes,105,https://www.producthunt.com/products/bragai
slash.blog ‚Äî Fully automated /blog for your Next.js projects,101,https://www.producthunt.com/products/slash-blog
LanceQ ‚Äî Freelance marketplace for multi-skill project delivery,98,https://www.producthunt.com/products/lanceq
Clipboard Canvas v2.0 ‚Äî A Designer‚Äôs Toolkit for Your Clipboard,94,https://www.producthunt.com/products/clipboard-canvas
Tulsi Pentest ‚Äî Tulsi It Right! Find Vulnerabilities Before Hackers Do!,93,https://www.producthunt.com/products/tul-si
iSwift.dev ‚Äî Build iOS apps in minutes with SwiftUI,90,https://www.producthunt.com/products/iswift-dev
EMOZ.io ‚Äî Protecting your creative spark,90,https://www.producthunt.com/products/emoz-io
WisFile ‚Äî 100% Local & Free AI File Manager for Docx and PDFs,89,https://www.producthunt.com/products/wisfile
Flush It! ‚Äî Let go of stress & negativity,87,https://www.producthunt.com/products/flush-it-emotional-cleanup
Deeptracker ‚Äî AI-powered investment insights and strategy platform,87,https://www.producthunt.com/products/deeptracker
Newcv.io - Stand Out. Succeed. Get Hired ‚Äî NewCV.io - Instantly Transform Your Resume in 1 Click!,85,https://www.producthunt.com/products/newcv-io-stand-out-succeed-get-hired
Murmur Lab ‚Äî The First AI PM Workspace by Currents AI,82,https://www.producthunt.com/products/murmur-lab
Jeeva AI ‚Äî Agentic AI For Anyone Who Sells,80,https://www.producthunt.com/products/jeeva-ai
Revamp ‚Äî Paste a website URL ‚Äî get a stunning redesign in 2 minutes.,80,https://www.producthunt.com/products/revamp
YouMind ‚Äî Where creation begins,80,https://www.producthunt.com/products/youmind
MarketFit ‚Äî Sales AI: Don't Sell. Solve Problems.,78,https://www.producthunt.com/products/marketfit
SensoraLife - Sensory Wellness for You ‚Äî Curate routines & discover sensory activities üåàüßò‚Äç‚ôÄÔ∏è,78,https://www.producthunt.com/products/sensoralife-sensory-wellness-for-you
Blar.io ‚Äî Get instant BUG fixes to review as a team,77,https://www.producthunt.com/products/blar-io
Giselle ‚Äî AI App Builder,76,https://www.producthunt.com/products/giselle
mkinf ‚Äî An open-source library of hosted AI agents and tools,74,https://www.producthunt.com/products/mkinf
Daily Check ‚Äî Stick to your goals with gentle nudges,72,https://www.producthunt.com/products/daily-check
Cinegraph ‚Äî AI agents that create stunning product videos in minutes,72,https://www.producthunt.com/products/cinegraph
Tenki Cloud ‚Äî GitHub Actions. 90% cheaper. 30% faster. 2-clicks migration.,71,https://www.producthunt.com/products/tenki-cloud
"Skelementor ‚Äî The largest ready-to-use, Elementor component library",71,https://www.producthunt.com/products/skelementor
DocXter ‚Äî Build your AI powered Knowledge Hub,70,https://www.producthunt.com/products/docxter
Versive ‚Äî Conduct faster user research with AI,70,https://www.producthunt.com/products/versive
TeamsMemory ‚Äî AI-Powered place for all your team's repeated questions,70,https://www.producthunt.com/products/teamsmemory
DueDeal ‚Äî AI-Powered Advisors for Seamless Business Buying and Selling,68,https://www.producthunt.com/products/duedeal
Build an app in a weekend with Teta ‚Äî An AI tool that creates pro Flutter apps in just a few hours,66,https://www.producthunt.com/products/build-an-app-in-a-weekend-with-teta
AirState ‚Äî Open Source Real-time SDKs ‚Äî Primitives for building powerful real-time experiences,64,https://www.producthunt.com/products/airstate
"AI Carousel Generator by Baked ‚Äî Create carousels seamlessly - any topic, any platform.",62,https://www.producthunt.com/products/ai-carousel-generator-by-baked
"Tachyon ‚Äî Workflow Automation, but with Vibe",62,https://www.producthunt.com/products/tachyon-3
Quantphemes ‚Äî AI-powered algo trading platform for everyone.,62,https://www.producthunt.com/products/quantphemes
IzzyAI ‚Äî Your 24/7 AI Powered Speech Language Therapist,61,https://www.producthunt.com/products/izzyai
TechUp Labs ‚Äî Edit & Beautify Your Screenshots,60,https://www.producthunt.com/products/techup-labs
First 2 Apply ‚Äî New job alerts from 10+ most popular sites,60,https://www.producthunt.com/products/first-2-apply
MonChart - Digital Chart Repository ‚Äî From data table to embed chart - visualize data in 3 clicks,59,https://www.producthunt.com/products/html-table-miner-add-on-for-edge-browser
Biblog ‚Äî Quote-hunting app - collect & share your favorite quotes,58,https://www.producthunt.com/products/biblog
Gabriel Operator ‚Äî Record. Run. Relax. Your AI agent handles the rest.,58,https://www.producthunt.com/products/gabriel-operator
iAlign ‚Äî Your better life in 60 seconds.,55,https://www.producthunt.com/products/ialign
MarketMoot ‚Äî Where business team dissect yesterday to debate tomorrow.,55,https://www.producthunt.com/products/marketmoot
SvahaMe.ai | AI-Powered Vedic Tools ‚Äî Vedic Astrology with AI-Powered Interpretations,55,https://www.producthunt.com/products/svahame-ai-ai-powered-vedic-tools
yourly: Voice AI Call Reflection ‚Äî Easy AI calls turn your thoughts into clarity and growth,54,https://www.producthunt.com/products/yourly-voice-ai-call-reflection
Geneo ‚Äî Your 24/7 AI search radar for instant GEO wins,54,https://www.producthunt.com/products/geneo
XPack.AI ‚Äî The world‚Äôs first open-source MCP monetization platform,53,https://www.producthunt.com/products/xpack-ai
Priorit.AI ‚Äî Manage your time in no time,51,https://www.producthunt.com/products/priorit-ai
ventaBlackAI ‚Äî Get paired with 1% vetted experts in seconds,50,https://www.producthunt.com/products/ventablackai
WorkFindMe ‚Äî Smart job-matching and autopilot for recruiting,48,https://www.producthunt.com/products/workfindme
"Automate Your Social Media Comments ‚Äî Hides spam, finds important messages, and auto-replies",47,https://www.producthunt.com/products/automate-your-social-media-comments
Pop Site ‚Äî Free Linktree alternative that looks amazing.,47,https://www.producthunt.com/products/pop-site
Spotted ‚Äî Your next hire is already here,46,https://www.producthunt.com/products/bluehire
MagicLight-Text to Long Video ‚Äî All-in-one AI tool for generating long videos from text.,46,https://www.producthunt.com/products/magiclight
Productivity Track ‚Äî Boost productivity with Notion templates & tools,46,https://www.producthunt.com/products/productivity-track
Slides Orator ‚Äî Make your presentation easierÔºÅ,45,https://www.producthunt.com/products/slides-orator
Spotted ‚Äî World's freshest dashboard for job seekers,45,https://www.producthunt.com/products/spotted-2
CourseCorrect ‚Äî What if the course you pick‚Ä¶ sucks?,45,https://www.producthunt.com/products/coursecorrect
Coupling: Language Learning for Couples ‚Äî Fun & personalized way to learn a language from your partner,44,https://www.producthunt.com/products/coupling
Typetak ‚Äî Writing tool where AI and humans collaborate,42,https://www.producthunt.com/products/typetak
mindmymind ‚Äî A next-gen app helping you understand yourself & others.,42,https://www.producthunt.com/products/mindmymind
"DealMeal ‚Äî Discover local food deals with AI - smart, and personalized",42,https://www.producthunt.com/products/dealmeal-ai-powered-deal-finder
Bio Calls by Cross Paths ‚Äî Monetize all your social media in 60 seconds‚Äîeven passively,42,https://www.producthunt.com/products/bio-calls-by-cross-paths
LouiseBot ‚Äî Turn every interaction into an opportunity with our Chatbots,41,https://www.producthunt.com/products/louisebot
"wisemelon.ai ‚Äî think faster, human",40,https://www.producthunt.com/products/wisemelon-ai
TubeIQ ‚Äî YouTube Growth Tool,40,https://www.producthunt.com/products/tubeiq
Bigged ‚Äî is always better.,39,https://www.producthunt.com/products/bigged
"Oggle ‚Äî Stunning 3D Product Showcases, in the browser, in minutes!",39,https://www.producthunt.com/products/oggle
Action Tasks ‚Äî The Task Manager That Actually Gets You to Do the Work,38,https://www.producthunt.com/products/action-tasks
RotoBot AI ‚Äî Your sports research process simplified,37,https://www.producthunt.com/products/rotobot-ai
Notte ‚Äî Redesign the internet for web AI agents.,36,https://www.producthunt.com/products/notte
TextureNoise ‚Äî AI-powered 3D tool to create and refine textures in seconds,36,https://www.producthunt.com/products/texturenoise
"Oqlous AI ‚Äî World's First AI Project Manager, Used by PMs @Adobe & Zoho",35,https://www.producthunt.com/products/oqlous-ai
"Sellventory ‚Äî Effortlessly Manage Subscriptions, Customers and Plans.",34,https://www.producthunt.com/products/sellventory
HomePortfolio ‚Äî AI-Powered Property Data Insights,34,https://www.producthunt.com/products/homeportfolio
VIP - Visual Intelligence Pilot ‚Äî Your Private AI Browser Assistant with Vision and Voice,33,https://www.producthunt.com/products/vip-visual-intelligence-pilot
Nyra AI ‚Äî The AI Growth Stack for Founders,33,https://www.producthunt.com/products/nyra-ai
"SUN ‚Äî Create audio-courses, listen, ask & get answers in real-time",33,https://www.producthunt.com/products/sun-ai
"PeakRoutine ‚Äî Beyond Tracking, It's about Transformation.",32,https://www.producthunt.com/products/peak-routine
ChatCut ‚Äî Pro text-based video editor with AI assistant you can prompt,32,https://www.producthunt.com/products/chatcut
Spiral ‚Äî Fibonacci-Sequenced Pomodoro Sessions for Agile Productivity,30,https://www.producthunt.com/products/spiral-zen-time-tracker
"Loata ‚Äî AI-powered Cloud storage for Notes, Documents",29,https://www.producthunt.com/products/loata
HeyFounder ‚Äî One tab beats ten newsletters,29,https://www.producthunt.com/products/heyfounder
"DemandEngine ‚Äî Data-driven SaaS startup ideas, auto-scouted by AI",29,https://www.producthunt.com/products/demandengine
Craisee ‚Äî CRAISEE Unified AI Experience with Community and Marketplace,27,https://www.producthunt.com/products/craisee
Droidrun the mobile AI Agent ‚Äî Droidrun ‚ÄìThe Missing Bridge Between LLMs and Mobile Devices,27,https://www.producthunt.com/products/droidrun-framework-for-mobile-agent
Glint.so ‚Äî The Digital Hangout For Getting Things Done,27,https://www.producthunt.com/products/glint-so
CoSupport AI ‚Äî Fully Customizable AI Agent for Customer Service,27,https://www.producthunt.com/products/cosupport-ai
CutMe Short ‚Äî Make your links work smarter for you,26,https://www.producthunt.com/products/cutme-short
Closedata ‚Äî Talk to your data. Get insights 98% faster.,26,https://www.producthunt.com/products/closedata
Nothing Bad Meal ‚Äî Lock in and never cook again,26,https://www.producthunt.com/products/nothing-bad-meal
"TidyFlo ‚Äî Simple, fast project management for lean teams",26,https://www.producthunt.com/products/tidyflo
"Ancher.ai ‚Äî The news feed that keeps you growing, not scrolling",25,https://www.producthunt.com/products/ancher-ai
"Megaton Mask ‚Äî Remove or isolate backgrounds and objects, from any video",25,https://www.producthunt.com/products/megaton-mask
VoiceCart ‚Äî Your voice commerce solution,25,https://www.producthunt.com/products/voicecart
Constant Closer ‚Äî AI Sales for Course Creators to turn emails into customers,25,https://www.producthunt.com/products/constant-closer
Queryloop ‚Äî Build production-ready RAG applications 100x faster,25,https://www.producthunt.com/products/queryloop
DKING Terminal ‚Äî AI Terminal for Winning Sports Insights & Sharp Predictions,24,https://www.producthunt.com/products/dking-terminal
ChainATM ‚Äî ChainATM triggers crypto transactions with your words,24,https://www.producthunt.com/products/chainatm
quietask ‚Äî Ask what you feel.,24,https://www.producthunt.com/products/quietask
logggai ‚Äî From Code to Content,24,https://www.producthunt.com/products/logggai
Checklist Genie ‚Äî Create Sharable Checklists with Just Your Voice & AI,24,https://www.producthunt.com/products/checklist-genie
Voicrapp ‚Äî Create social media posts with your voice and AI,23,https://www.producthunt.com/products/voicrapp
Henge ‚Äî Future-proof your home with risk assessment and insurance.,23,https://www.producthunt.com/products/henge
SyncPaper ‚Äî AI-powered research sync platform for academic collaboration,23,https://www.producthunt.com/products/syncpaper
Sendr ‚Äî Unlock the power of personalised outreach,23,https://www.producthunt.com/products/sendr
"Jeenee ‚Äî Jeenee: AI-powered ad creation, simplified",23,https://www.producthunt.com/products/jeenee
MediaReduce ‚Äî Professional Media Editing Suite,22,https://www.producthunt.com/products/mediareduce
AI PIM ‚Äî Create error-free online product listings in minutes with AI,22,https://www.producthunt.com/products/aipim-by-fynd
Unscript - Your AI Creative Agency ‚Äî From raw photo to PDP and ad-ready creatives in minutes,22,https://www.producthunt.com/products/unscript-your-ai-visual-studio
Wyzard.ai ‚Äî Your AI-powered Marketing Co-Pilot,22,https://www.producthunt.com/products/wyzard-ai
"c0py.me ‚Äî AirDrop, but for the Web ‚Äî P2P File Sharing | No servers. No accounts. No links.",21,https://www.producthunt.com/products/c0py-me
Keywordly ‚Äî Automate your SEO workflow and Boost sales!,21,https://www.producthunt.com/products/keywordly
Chainpilot - #1 Tool For Web3 Automation ‚Äî Automate your Web3 workflows in minutes,21,https://www.producthunt.com/products/chainpilot-1-tool-for-web3-automation
"SalesRender ‚Äî CRM to automate sales, calls & resell leads at scale",21,https://www.producthunt.com/products/salesrender
Coder.ly ‚Äî Share w/ or meet coders w/ strategies.,21,https://www.producthunt.com/products/coder-ly
Traycer ‚Äî AI coding assistant that plans and implements every change.,21,https://www.producthunt.com/products/traycer
Trakg ‚Äì Lead Recovery for Web Forms ‚Äî Capture leads even if form aren‚Äôt submitted Improve outreach,20,https://www.producthunt.com/products/trakg-lead-recovery-for-web-forms
"Initly ‚Äî Smart redirect links for iOS, Web & Android",19,https://www.producthunt.com/products/initly
"Hubmi ‚Äî Plan, track & collaborate in one place",19,https://www.producthunt.com/products/hubmi
Quicko Pro ‚Äî The AI-Powered Advisory,18,https://www.producthunt.com/products/quicko-pro
"ZapDigits ‚Äî Instant dashboards for your product, revenue, and growth",17,https://www.producthunt.com/products/zapdigits
Moneko AI ‚Äî Build your first investment portfolio with AI,17,https://www.producthunt.com/products/moneko-ai
Promptev ‚Äî The Command Center for Prompts,17,https://www.producthunt.com/products/promptliy
SubSavely ‚Äî Subscription reminder software,16,https://www.producthunt.com/products/subsavely
"Cuprin ‚Äî Manage Clients, Projects & Invoices Effortlessly",16,https://www.producthunt.com/products/cuprin
hntur ‚Äî Land more jobs‚ÄîAI auto-applies smarter and faster,16,https://www.producthunt.com/products/hntur
Thought Garden ‚Äî Cultivate your thoughts with a personalized AI companion,16,https://www.producthunt.com/products/thought-garden
Kodex ‚Äî Build interactive product stories with AI,16,https://www.producthunt.com/products/kodex-2
"Cobot ‚Äî Cobot automates email, schedule, to-dos to max your output.",15,https://www.producthunt.com/products/cobot-2
sampleapp.ai ‚Äî Onboard developers to your API‚Äîinstantly,15,https://www.producthunt.com/products/sampleapp-ai
Zeno ‚Äì Turn Docs & Sites into Courses ‚Äî Build complete training course from content you already have,15,https://www.producthunt.com/products/zeno-3
Next Big Technology ‚Äî Top web development company,15,https://www.producthunt.com/products/next-big-technology
hyperDart ‚Äî future of search,15,https://www.producthunt.com/products/hyperdart
Pagery ‚Äî Like Cursor but Content Management System,15,https://www.producthunt.com/products/pagery
FeedPo ‚Äî LLM-First Feed Generate Service,14,https://www.producthunt.com/products/feedpo
Lodelian ‚Äî Development without the headaches - setup and code instantly,14,https://www.producthunt.com/products/lodelian
YouWare ‚Äî World's First Vibe Coding Community,14,https://www.producthunt.com/products/youware
"Docksy ‚Äî Stop losing business documents, start talking to them!",13,https://www.producthunt.com/products/docksy
"Krepling ‚Äî Centralize, build, and scale your online brand",13,https://www.producthunt.com/products/krepling
Stakpak.dev ‚Äî Turn knowledge into action with our Infrastructure agent,13,https://www.producthunt.com/products/stakpak-dev
ToolShed2000 ‚Äî 17+ free online tools with Y2K nostalgia,13,https://www.producthunt.com/products/toolshed2000
Fomr ‚Äî The fastest way to create powerful forms for free,13,https://www.producthunt.com/products/fomr
SalesGym ‚Äî Practice selling. Respond like a pro. Close more deals.,13,https://www.producthunt.com/products/salesgym
BidVid.io ‚Äî Auction Marketplace for YouTube Video Ad Slots,13,https://www.producthunt.com/products/bidvid-io
"Tabwise ‚Äî Easy browser tab organization‚Äîsave, categorize, and focus!",13,https://www.producthunt.com/products/tabwise
Ratio ‚Äî AI-powered Social Media Around Science,13,https://www.producthunt.com/products/ratio-4
"MEMEFA.ST ‚Äî Make meme videos right in your browser, for free",12,https://www.producthunt.com/products/memefa-st
Bhindi AI ‚Äî Talk to your apps in plain english!,12,https://www.producthunt.com/products/bhindi-ai
"Calistant ‚Äî Your daily AI nutrition companion, built to keep you going.",12,https://www.producthunt.com/products/calistant
Verilock ‚Äî A License Management System,12,https://www.producthunt.com/products/verilock
Sameness ‚Äî Build online brand guidelines,12,https://www.producthunt.com/products/sameness
Rolodex ‚Äî One place to manage your team‚Äôs most important relationships,12,https://www.producthunt.com/products/rolodex-2
Elentis ‚Äî AI-powered learning and blockchain certifications for growth,12,https://www.producthunt.com/products/elentis
Verified Prompts ‚Äî AI,12,https://www.producthunt.com/products/verified-prompts
Meet-Ting ‚Äî Make Tings Happen,11,https://www.producthunt.com/products/meet-ting
"The Univah Film Engine ‚Äî Real-Time Rendering, VFX and Animation Software",11,https://www.producthunt.com/products/the-univah-film-engine
Easy Code Editor ‚Äî Simple coding with smart tools.,11,https://www.producthunt.com/products/easy-code-editor
nFactorial AI ‚Äî Hop on a video call with OGs of startups/physics/finance/ai,11,https://www.producthunt.com/products/nfactorial-ai-4
Ninmu ‚Äî Your AI-powered personal growth and habit building companion,11,https://www.producthunt.com/products/ninmu
LiveFX Converter. ‚Äî Real-time currency conversion for everyone ‚Äî fast and free.,11,https://www.producthunt.com/products/livefx-converter
"InfographsAI: AI Designs Beyond Template ‚Äî AI-powered Canva alternative for infographics,charts,Mindmap",11,https://www.producthunt.com/products/infographsai-ai-designs-beyond-template
Interviewbar- All-in-one AI Interviewer ‚Äî AI Interview. You Review.,10,https://www.producthunt.com/products/interviewbar-the-ai-interviewer
"Hermes Markdown ‚Äî Write Freely, Securely, and Locally. Your Way.",10,https://www.producthunt.com/products/hermesmd
HelloTriangle ‚Äî Online python 3d modeling,10,https://www.producthunt.com/products/hellotriangle
DraftBot ‚Äî Generate Professional Proposals in Minutes,10,https://www.producthunt.com/products/draftbot-2
EarningBirds ‚Äî Real-time usability testing & user feedback platform,9,https://www.producthunt.com/products/earningbirds
globalChat ‚Äî All the AIs you vibe with. One clean interface.,9,https://www.producthunt.com/products/globalchat
Git2Blog - AutoContent for Tech Updates ‚Äî Turn Git commits & Jira into SEO-ready blog content,9,https://www.producthunt.com/products/git2blog-autocontent-for-tech-updates
"Trace ‚Äî Like an audit trail, but for the reasoning behind your AI.",9,https://www.producthunt.com/products/trace-13
Yapify ‚Äî Yap Your Emails,9,https://www.producthunt.com/products/yapify
"Soothfy ‚Äî Tiny daily AI routines for ADHD, anxiety, sleep & stress.",9,https://www.producthunt.com/products/soothfy
TuModa: Smart Closet & Style ‚Äî AI Stylist & Outfit Tracker,9,https://www.producthunt.com/products/tumoda-smart-closet-style
B24 ‚Äî Track Venture Funding Globally on an App,9,https://www.producthunt.com/products/b24
MCP Now ‚Äî Discover and manage all your MCP servers in one place,9,https://www.producthunt.com/products/mcp-now
SitSense ‚Äî AI Posture Coach - Using just your webcam.,9,https://www.producthunt.com/products/sitsense
Podzy ‚Äî Turn any Newsletters into a Podcast to Go!,9,https://www.producthunt.com/products/podzy
Sunny Pup ‚Äî Meet sunny pup! Discover the joys of learning.,8,https://www.producthunt.com/products/sunny-pup
Streaker ‚Äî Build habits that stick,8,https://www.producthunt.com/products/streaker
"TrueMe ‚Äî Decode Your Mind, Design Your True Self",8,https://www.producthunt.com/products/trueme
"Unlazy Writer ‚Äî Fact-check, research, and fix grammar - all in one place.",8,https://www.producthunt.com/products/unlazy-writer
Symphony UI ‚Äî An AI-powered framework for stunning websites and apps,8,https://www.producthunt.com/products/symphony-ui
"Sisypho ‚Äî No code ""scripting"" tool to automate any desktop task",8,https://www.producthunt.com/products/sisypho
Collab Finder ‚Äî Find Your Competitor's Influencer Collaborations in Seconds,8,https://www.producthunt.com/products/collab-finder
GanttCanvas ‚Äî Simple project management,8,https://www.producthunt.com/products/ganttcanvas
RefineAI ‚Äî AI-powered feedback for your UX portfolio,8,https://www.producthunt.com/products/refineai-2
Lenix AI ‚Äî The AI Outreach Agent,8,https://www.producthunt.com/products/lenix-ai
ForgeShell ‚Äî Explain. Optimize. Defend.,8,https://www.producthunt.com/products/forgeshell
Gifty.Love ‚Äî Always Give the Perfect Gift.,7,https://www.producthunt.com/products/gifty-love
Elkar ‚Äì AI Agent for Spreadsheets ‚Äî AI Analyst directly inside Excel and Google Sheets,7,https://www.producthunt.com/products/elkar-smart-buddy-for-google-sheets
Addsubtitle ‚Äî Let Subtitles Speak Your Global Story,7,https://www.producthunt.com/products/addsubtitle
"Tesseract AI Developer Vault ‚Äî Template Library for Agent, Automation & AI Tool Developers",7,https://www.producthunt.com/products/tesseract-ai-developer-vault
Cladious ‚Äî Blockchain Based Threat Intelligence Platform,7,https://www.producthunt.com/products/cladious
Stellify ‚Äî Development powered by collective intelligence,7,https://www.producthunt.com/products/stellify
"Vyrade AI ‚Äî Adapt AI cost-effectively, with zero guesswork",7,https://www.producthunt.com/products/vyrade-ai
Switchboard ‚Äî Uniting intelligence,7,https://www.producthunt.com/products/switchboard-6
Snippet ‚Äî Visual copy & paste for macOS (Notch App),7,https://www.producthunt.com/products/snippet-4
Inbox Zero Tabs ‚Äî Turn Gmail into an inbox-zero machine,7,https://www.producthunt.com/products/inbox-zero-tabs
Rustic AI ‚Äî The World's First Visual AI Design Editor,7,https://www.producthunt.com/products/rustic-ai
Adtwin AI ‚Äî Audio ads to customers ears in minutes.,7,https://www.producthunt.com/products/adtwin
Datastripes - The In-browser Data Engine ‚Äî In-browser-native data engine with 300+ drag & drop nodes,7,https://www.producthunt.com/products/datastripes
"Newsu.ai ‚Äî The news feed that keeps you growing, not scrolling",7,https://www.producthunt.com/products/newsu-ai
Docshunt AI ‚Äî All-in-one AI workspace for smarter business planning,7,https://www.producthunt.com/products/docshunt
Eliott ‚Äî Ask your marketing data. Get instant answers.,7,https://www.producthunt.com/products/eliott-2
"Serplux ‚Äî AI Growth Agents to Boost Traffic, Rankings & Sales - 24/7",7,https://www.producthunt.com/products/serplux
AgricareAI ‚Äî AI-powered crop care with leaf scan & expert tips,6,https://www.producthunt.com/products/agricareai
PortalWith Notion ‚Äî Create Client Portal Site with Notion,6,https://www.producthunt.com/products/portalwith
ezypack ‚Äì packing checklists & to-dos ‚Äî personal packing app for every occasion,6,https://www.producthunt.com/products/ezypack-app
onbalance ‚Äî Cashflow planning for e'neurs who value trust and privacy,6,https://www.producthunt.com/products/onbalance
20 Ways To Make Money online With AI ‚Äî Build Real Online Income with These AI Strategies,6,https://www.producthunt.com/products/20-ways-to-make-money-online-with-ai
Clonae ‚Äî Be Remembered. Be Bold.,6,https://www.producthunt.com/products/clonae
Vibeage ‚Äî Turn your ideas to Agents,6,https://www.producthunt.com/products/vibeage
Office IQ ‚Äî The Ultimate Command Center For Modern Office Operations,6,https://www.producthunt.com/products/office-iq-2
Osome ‚Äî Hands-free video creation: turn your ideas into videos.,6,https://www.producthunt.com/products/osome
"Givgive - Share more. Own less. ‚Äî A local sharing app to connect, borrow, and give.",6,https://www.producthunt.com/products/givgive-share-more-own-less
TutorFlow | Create Courses with AI ‚Äî Turn your idea into a course with a single prompt.,6,https://www.producthunt.com/products/tutorflow-2
"MarktMate Waitlist Launch ‚Äî üöÄYour growth wingman. AI ads, leads, and campaigns.",6,https://www.producthunt.com/products/marktmate-waitlist-launch
Linkbird ‚Äî AI Agents for LinkedIn outreach that won‚Äôt get you blocked,6,https://www.producthunt.com/products/linkbird-2
"Wetime: Goodbye ‚ÄúWhat Should We Do? ‚Äî Harmonize Your Plans, Tokenize Your Memories",6,https://www.producthunt.com/products/wetime-goodbye-what-should-we-do
RampNerd ‚Äî 3D mini ramp design and planning tool,6,https://www.producthunt.com/products/rampnerd
Jellydator ‚Äî Zapier for crypto markets,6,https://www.producthunt.com/products/jellydator
LLMonster ‚Äî üëæOwn mobile AI agent that does your work while you relax.,6,https://www.producthunt.com/products/llmonster-mobile-ai-agents
"Mimirly ‚Äî Explore your future, one choice at a time",6,https://www.producthunt.com/products/mimirly
Script2Screen ‚Äî Instantly turn your video scripts into visual ideas.,6,https://www.producthunt.com/products/script2screen
JustRemotechJobs ‚Äî Where tech recruiters find remote talent without the noise,6,https://www.producthunt.com/products/justremotechjobs
GHOSTVAULT ‚Äî Zero-knowledge cybersecurity for everyone,6,https://www.producthunt.com/products/ghostvault
SwiftCore ‚Äî Your development environment. Reorganized.,6,https://www.producthunt.com/products/swiftcore
Stratum Analytics ‚Äî Your personal AI-powered investment companion,6,https://www.producthunt.com/products/stratum-analytics
Cognigauge ‚Äî The universal dashboard for your brain.,5,https://www.producthunt.com/products/cognigauge
Gatewai ‚Äî AI-Powered Platform Built For The Sales Floor,5,https://www.producthunt.com/products/gatewai
Salesly ‚Äî Salesly: AI powered Growth Partner for startups,5,https://www.producthunt.com/products/salesly
3D bust maker ‚Äî Make 3D bust from single photo ready for 3D print,5,https://www.producthunt.com/products/3d-bust-maker
"SurFast Video Downloader ‚Äî Download videos, audio, clips, and playlists with subtitles",5,https://www.producthunt.com/products/surfast-video-downloader
"Informed ‚Äî Smart News Digests, AI Timelines & Personalized Audio",5,https://www.producthunt.com/products/informed
Polyglotta ‚Äî Multilingual translator for curious minds,5,https://www.producthunt.com/products/polyglotta
"AutoSortPro ‚Äî Your messy files: renamed, labeled, searchable",5,https://www.producthunt.com/products/autosortpro
Blocks ‚Äî Coding agents that feel like remote teammates,5,https://www.producthunt.com/products/blocks-9
Rate My Travels ‚Äî Real Travel Reviews. Real People. No Brochures.,5,https://www.producthunt.com/products/review-platform-for-travelers
GHSRK AI ‚Äî Live Your Insight,5,https://www.producthunt.com/products/ghsrk-ai
"4Partners ‚Äî Build, manage, and grow your dropshipping store in one tab",5,https://www.producthunt.com/products/4partners
Crazy Startuper: Burnout & Belief ‚Äî Startup. Exile. Faith. A true story of not giving up.,5,https://www.producthunt.com/products/crazy-startuper-burnout-belief
ConvoHunter ‚Äî Turn untapped conversations into your growth engine.,5,https://www.producthunt.com/products/convohunter
Parsec ‚Äî Agentic Financial Modeilng,5,https://www.producthunt.com/products/mysheet-ai
Insights ‚Äî Where curiosity meets clarity,4,https://www.producthunt.com/products/insights-4
Copy AI Prompts ‚Äî Supercharge Your AI Conversations,4,https://www.producthunt.com/products/copy-ai-prompts
Hackmamba ‚Äî Publish high-quality technical content that converts,4,https://www.producthunt.com/products/hackmamba
Duetoday ‚Äî AI for the academically unwell,4,https://www.producthunt.com/products/duetoday
"LoopBit ‚Äî Smarter habits, Better you.",4,https://www.producthunt.com/products/loopbit
Test Generator by Quash ‚Äî One click to convert product docs into automated mobile QA,4,https://www.producthunt.com/products/test-generator-by-quash
"Tonari - Build habits, not guilt ‚Äî Meet your smart habit coach that actually gets you üòº",4,https://www.producthunt.com/products/tonari-build-habits-not-guilt
Optimize Your Inventory ‚Äî Inventory reorder calculator,4,https://www.producthunt.com/products/optimize-your-inventory
Venture AI Careers ‚Äî Land your dream startup job,4,https://www.producthunt.com/products/venture-ai-careers
Treegress - Put testing on autopilot ‚Äî No code. No records of steps. No prompts. Just a URL,4,https://www.producthunt.com/products/treegress-put-testing-on-autopilot
Ada ‚Äî Turn data into professional reports with one click,4,https://www.producthunt.com/products/ada-2
KMPShip ‚Äî Build & monetize your mobile apps in days,4,https://www.producthunt.com/products/kmpship
"Cake ‚Äî Whip up ad creatives in a chat. Fast, on-brand and tasty!",4,https://www.producthunt.com/products/cake-6
Lumora ‚Äî Explora todas tus versiones,4,https://www.producthunt.com/products/lumora-4
PicMotionAI ‚Äî Turn your images into scroll-stopping videos using AI,4,https://www.producthunt.com/products/picmotionai
"LiftKit ‚Äî UI framework for perfectionists, based on the golden ratio.",4,https://www.producthunt.com/products/liftkit-2
Ten Jobs ‚Äî World's first job search agent,4,https://www.producthunt.com/products/ten-jobs
WhatsTeca ‚Äî A Library For Whatsapp,4,https://www.producthunt.com/products/whatsteca
"Digital Creator Pro ‚Äî Build, Sell, Grow, All in One Place. Mic Drop",4,https://www.producthunt.com/products/digital-creator-pro
FLXR AI Social Media Automation Browser ‚Äî Social Media Automation Browser,4,https://www.producthunt.com/products/flxr-ai-social-media-automation-browser
LeetSys ‚Äî Leetcode for System Design,4,https://www.producthunt.com/products/leetsys
Deal Reaper ‚Äî Real-time sneaker resale data. Smarter flipping starts here.,3,https://www.producthunt.com/products/deal-reaper
SubSeq ‚Äî The AI agent workspace for product teams,3,https://www.producthunt.com/products/subseq-2
FoundersHunt ‚Äî Uncover Stealth Founders - Before Others Do!,3,https://www.producthunt.com/products/foundershunt
Knock Knock App ‚Äî Video chat for your online shop that converts,3,https://www.producthunt.com/products/knock-knock-3
Smartjump.io ‚Äî The Firebase Dynamic Links alternative,3,https://www.producthunt.com/products/smartjump-io
StyleGenie ‚Äî Your daily outfit AI powered style,3,https://www.producthunt.com/products/stylegenie
Verified Wallet ‚Äî Self custodial blockchain wallet based on MPC technology,3,https://www.producthunt.com/products/verified-wallet
BiteShare ‚Äî The social media coupon app,3,https://www.producthunt.com/products/biteshare
"Delos ‚Äî AI workspace: intuitive, modular, powerful, all-in-one.",3,https://www.producthunt.com/products/delos
Submarine Player ‚Äî Generates subtitles instantly while watching any video,3,https://www.producthunt.com/products/submarine-player
Qensa ‚Äî Setup a microsite for anything in 5 minutes for $5 per month,3,https://www.producthunt.com/products/qensa
"Vartiq ‚Äî Webhook-as-a-Service ‚Äî Ship Fast, Maintain Less",3,https://www.producthunt.com/products/vartiq-webhook-as-a-service
CatsMe ‚Äî AI-powered app that detects your cat‚Äôs pain from a photo.,3,https://www.producthunt.com/products/catsme
"RepLogo ‚Äî Replace logos in your PDFs, Word, and PowerPoint files",3,https://www.producthunt.com/products/replogo
Flint ‚Äî Launch interactive marketing tools in minutes.,3,https://www.producthunt.com/products/flint-3
Easy Video generator ‚Äî Video generator with AI and free videos,3,https://www.producthunt.com/products/easy-video-generator
chattyLang ‚Äî AI conversational English tutor,3,https://www.producthunt.com/products/chattylang
RealMenu.ai ‚Äî Immersive AR menus that bring dishes to life via QR,3,https://www.producthunt.com/products/realmenu-ai
blankpoll ‚Äî The internet‚Äôs opinion game ‚Äî powered by real votes.,3,https://www.producthunt.com/products/blankpoll
Parsagon ‚Äî AI to track and analyze public policy,3,https://www.producthunt.com/products/parsagon
Make Funny Memes ‚Äî Transform your ideas into hilarious memes with AI.,3,https://www.producthunt.com/products/make-funny-memes
Interactive CV ‚Äî Tailor your resume to any job in minutes and land interviews,3,https://www.producthunt.com/products/tailored-resumes-for-each-job
Lokilizer ‚Äî Translate apps from two source languages to any other,3,https://www.producthunt.com/products/lokilizer
Free MintMe Coin ‚Äî Earn Over $19 Anually for Free! üÜì,3,https://www.producthunt.com/products/free-mintme-coin
Xchange: Convert & Calculate ‚Äî Currency converter with essential money calculators,3,https://www.producthunt.com/products/xchange-convert-calculate
SmartCompiler ‚Äî Understand your code with AI-powered explanations.,3,https://www.producthunt.com/products/smartcompiler
MicroStory ‚Äî Micro Learning Through AI Generated Stories,2,https://www.producthunt.com/products/microstory
MikeMends ‚Äî Your personal assistant for household maintenance,2,https://www.producthunt.com/products/mikemends
Rebrowse ‚Äî Loom for workflow automation,2,https://www.producthunt.com/products/rebrowse
UncovAI - Audio Deepfake Detector ‚Äî AI Audio Authentication for Zoom Meetings,2,https://www.producthunt.com/products/uncovai-audio-deepfake-detector
absent.vc ‚Äî Helping VCs sound brilliant in board meetings,2,https://www.producthunt.com/products/absent-vc
Database Savvy ‚Äî Professional mobile database management,2,https://www.producthunt.com/products/database-savvy
Abode ‚Äî Fresh take on group spaces with friends.,2,https://www.producthunt.com/products/abode-3
The Dad Journal ‚Äî He's not just winging it ‚Äî the dad abides.,2,https://www.producthunt.com/products/the-dad-journal
Lace ‚Äî Transform your email inbox into a creative workspace.,2,https://www.producthunt.com/products/lace
Procaddie - AI Golf Caddie ‚Äî Pro caddie advice through AI voice chat,2,https://www.producthunt.com/products/procaddie-ai-golf-caddie
VDS AI ‚Äî AI tools to accelerate your UX Marketing content strategy,2,https://www.producthunt.com/products/vds-ai-ux-marketing-institute
Sellible ‚Äî The sales gym for founders,2,https://www.producthunt.com/products/sellible
MailBucket ‚Äî Advanced Mail Organization & Analysis,2,https://www.producthunt.com/products/mailbucket
MentionDesk ‚Äî Get your brand mentioned in AI search results,2,https://www.producthunt.com/products/mentiondesk
"Tom AI | Voice Email Personal Assistant ‚Äî Speak to Tom, he'll organise and answer all your emails",2,https://www.producthunt.com/products/tom-ai-voice-email-personal-assistant
"College Aviator ‚Äî Personalized guidance to help students plan, prep, and apply",2,https://www.producthunt.com/products/college-aviator
Escape Velocity AI ‚Äî Build a business plan in 60 seconds,2,https://www.producthunt.com/products/escape-velocity-ai
Clearitty ‚Äî Human-verified signals for smarter sales outreach,2,https://www.producthunt.com/products/clearitty
Vaultleap ‚Äî A USD Account. For Anyone.,2,https://www.producthunt.com/products/vaultleap
"Snappin App ‚Äî No more chasing receipts. Just snap, send, and relax.",2,https://www.producthunt.com/products/snappin-app
TrainIQ ‚Äî AI Workout Builder,2,https://www.producthunt.com/products/trainiq
Noneedinvoice ‚Äî Create unlimited invoices for free,2,https://www.producthunt.com/products/noneedinvoice
Wootzapp AI-Enforced Enterprise Browser ‚Äî Our mobile browser's battery optimised AI will secure BYOD,1,https://www.producthunt.com/products/wootzapp-ai-enforced-enterprise-browser
"upnoteZ ‚Äî CRM for front-office folks, not their managers",1,https://www.producthunt.com/products/upnotez
Soluvery - Audit and Manage Google Drive ‚Äî Take full control over your Google Drive!,1,https://www.producthunt.com/products/soluvery-audit-and-manage-google-drive
NIMU ‚Äî Turn your ideas into viral videos‚Äîno editing skills needed.,1,https://www.producthunt.com/products/nimu
flowy ‚Äî automatically animated Screen Recordings,1,https://www.producthunt.com/products/flowy-3
Build AI from first principles ‚Äî Learn AI by building it one token at a time,1,https://www.producthunt.com/products/build-ai-from-first-principles
TokenFlow ‚Äî Real-time token tracking for ChatGPT conversations,1,https://www.producthunt.com/products/tokenflow
InvisOutlet Pro with InvisHome App ‚Äî The world's first sensor-enabled smart outlet.,1,https://www.producthunt.com/products/invisoutlet-pro
Game of Planets ‚Äî Browser 4X you finish in 10 days,1,https://www.producthunt.com/products/game-of-planets
BetterBerry: App for Sex Workers ‚Äî A companion app designed to support wellbeing of sex workers,1,https://www.producthunt.com/products/betterberry-app-for-sex-workers
Opus - Automated Music Wallpapers ‚Äî Music Wallpaper Generator,1,https://www.producthunt.com/products/opus-automated-music-wallpapers
Edixs ‚Äî Visual suite for everyone,1,https://www.producthunt.com/products/edixs
DINO-X Platform ‚Äî Where Vision AI Comes to Life,1,https://www.producthunt.com/products/dino-x-platform
"GOAT - Greatest of All Teams ‚Äî Stop guessing, start planning",1,https://www.producthunt.com/products/goat-greatest-of-all-teams
"RAWPA ‚Äî Navigating the ""So What Now?"" of CyberSecurity.",1,https://www.producthunt.com/products/rawpa
SelfMailKit ‚Äî Send transactional & marketing emails - 10x cheaper,1,https://www.producthunt.com/products/selfmailkit-com
Become Senior ‚Äî AI agent that helps you start thinking like a senior dev,1,https://www.producthunt.com/products/become-senior
Well Embed ‚Äî Power fintech platform with invoices & receipts retrieval,1,https://www.producthunt.com/products/well-embed
Clarity Pulse Check‚Ñ¢ ‚Äì Culture Alignment ‚Äî Unlock Culture Clarity‚Äî30 minute toolkit for teams & leaders,1,https://www.producthunt.com/products/clarity-pulse-check-culture-alignment
ReplyMagic ‚Äî Automate Instagram Comments with Context Using AI,1,https://www.producthunt.com/products/replymagic
PrePackaged.AI ‚Äî Unbox your brilliance with professionally branded eBooks+,1,https://www.producthunt.com/products/prepackaged-ai
Keyrua ‚Äî API Keys and secrets management reimagined,1,https://www.producthunt.com/products/keyrua
Mobilable.dev ‚Äî Create an IPhone/Android app without coding,1,https://www.producthunt.com/products/mobilable-dev
StayMatch ‚Äî The first AI stay finder for remote workers & travelers,1,https://www.producthunt.com/products/staymatch
"Holo AI - English Speaking Practice App ‚Äî Practice speaking with your own AI tutor anytime, anywhere!",0,https://www.producthunt.com/products/holo-ai-english-speaking-practice-app
Feedplain ‚Äî Real feedback from real users,0,https://www.producthunt.com/products/feedplain
Taskbar Buddy ‚Äî Make Your Own Pet From Anything,0,https://www.producthunt.com/products/taskbar-buddy
AI code fixer ‚Äî Instantly fix and understand your code ‚Äî with AI precision.,0,https://www.producthunt.com/products/ai-code-fixer
Layercode ‚Äî The best way to build low-latency voice AI Agents,0,https://www.producthunt.com/products/layercode
SellShot ‚Äî Your Infinite Canvas for Product Enhancement,0,https://www.producthunt.com/products/sellshot
Mindful Slumber: Tibetan Dream Yoga ‚Äî Use sleep as a tool for personal development,0,https://www.producthunt.com/products/mindful-slumber-tibetan-dream-yoga
AIweb3Atlas ‚Äî The All-in-One Directory for AI & Web3 Tools,0,https://www.producthunt.com/products/aiweb3atlas
Magnitude ‚Äî Automate any browser task with a narrated screen recording,0,https://www.producthunt.com/products/magnitude-3
Ya'Mar App ‚Äî The future of buying and selling is finally here.,0,https://www.producthunt.com/products/ya-mar-app
Feedback Fast ‚Äî Stop guessing what users think. Ask. Instantly.,0,https://www.producthunt.com/products/feedback-fast
FunBuddy ‚Äî Discover friends through shared passions.,0,https://www.producthunt.com/products/funbuddy
Aera Vibe ‚Äî Get a taste profile & compare it with real interiors,0,https://www.producthunt.com/products/aera-vibe
"CoinIQ ‚Äî Don't just track your portfolio, understand it.",0,https://www.producthunt.com/products/coiniq
TrackdIn ‚Äî LinkedIn Chrome Extension That Actually Helps You Grow,0,https://www.producthunt.com/products/trackdin
MyFlowState ‚Äî Custom meditations in seconds. Just say how you feel.,0,https://www.producthunt.com/products/myflowstate
Exponent ‚Äî The AI/ML Playground,0,https://www.producthunt.com/products/exponent-6c11b902-79b1-49e1-b94c-86f3313ef306
Digital Time Capsule ‚Äî Gift-wrap memories today‚Äîemail them to the future.,0,https://www.producthunt.com/products/digital-time-capsule-2
"Calflow ‚Äî Routine, Tasks & Goal Planner",0,https://www.producthunt.com/products/calflow
"The DM's Ark - Beta ‚Äî Transcribe, query, and summarize your online D&D sessions.",0,https://www.producthunt.com/products/the-dm-s-ark-beta
CareerPilot ‚Äî Professional network management,0,https://www.producthunt.com/products/careerpilot
SaveIt.now ‚Äî Organize nothing. Find everything.,0,https://www.producthunt.com/products/saveit-now
Deadline Savior Demo ‚Äî Turn your Pomodoro sessions into RPG battles.,0,https://www.producthunt.com/products/deadline-savior-demo-on-steam
LoveJournal ‚Äî Analyze your love life with Love Intelligence,0,https://www.producthunt.com/products/lovejournal
Tokxcix ‚Äî The First Fully Autonomous AI Agent for TikTok Virality,0,https://www.producthunt.com/products/tokxcix
QLinkPath ‚Äî Create branded links and customizable QR codes effortlessly,0,https://www.producthunt.com/products/qlinkpath
Vibelets ‚Äî The Future of AI Powered Advertising - Build For Performance,0,https://www.producthunt.com/products/vibelets
PaddleSpot ‚Äî Discover paddling spots today,0,https://www.producthunt.com/products/paddlespot
"Maker ‚Äî Your site, made better with AI ‚Äî Enhance any page or launch new ones ‚Äî on-brand, with AI.",0,https://www.producthunt.com/products/maker
"Patio ‚Äî Share tools, learn DIY, and build sustainably.",0,https://www.producthunt.com/products/patio
FantastiVault ‚Äî Financial tools for the people the system forgot.,0,https://www.producthunt.com/products/fantastivault
Emplorium ‚Äî The All-in-One Platform for Intelligent Customer Engagement,0,https://www.producthunt.com/products/emplorium
"SciConnect ‚Äî A community for scientists, techies & curious minds",0,https://www.producthunt.com/products/sciconnect
ClassroomFeed ‚Äî The Prompt-able Weekly Google Classroom Digest,0,https://www.producthunt.com/products/classroomfeed
"Hirly ‚Äî Hiring, redefined.",0,https://www.producthunt.com/products/hirly
Letterly ‚Äî All-in-one newsletter repurposing tool,0,https://www.producthunt.com/products/letterly-3
Zenher ‚Äî Femtech,0,https://www.producthunt.com/products/zenher
"CodeBench ‚Äî Write once, import everywhere - Your component library",0,https://www.producthunt.com/products/codebench
CesarQA ‚Äî Bridge the gap between Design & Code,0,https://www.producthunt.com/products/cesarqa
Sportily ‚Äî Horse racing analytics with machine learning algorithm,0,https://www.producthunt.com/products/sportily
